id_recurso,codigo,denominacion,descripcion,dominio,subcategoria,alcance,periodicidad,contexto_historico,procedencia,transmision,economico,disponibilidad,identidad_territorial,condicion
A.7-1,A-39,Gastronomía ,"Gastronomía propia del grupo social afrodescendiente. Según Ross (1991) la gastronomía limonense, por la peculiaridad  de su composición étnica, se diferencia de la cocina de otras provincias costarricenses. Ross de Cerdas (1991) indica que dicha cocina tiene raíces en las Antillas y en el continente Africano, lugar desde donde se importaron productos utilizados actualmente en la preparación de los platillos de las zonas.

El Observatorio de Turismo Sostenible del Caribe elaboró un extracto del libro Magia de la Cocina Limonense: Rice and Beans y Calalú (Ross, 1991), este menciona que: 

El peculiar desarrollo histórico y económico de Limón, ha hecho que la composición étnica de la provincia sea radicalmente diferente a la del interior del país y que, por ende, lo sean también los rasgos culturales que en ella se manifiestan. El aislamiento al que los diferentes gobiernos sometieron durante tanto tiempo a la costa atlántica limonense, permitió la permanencia de las costumbres alimentarias de los pueblos inmigrantes (platillos jamaiquinos y raíces africanas).

De esta manera Limón ha conservado del África los nombres de muchos productos, tales como los tubérculos y ciertas variedades de frijoles; el uso de las hojas verdes (calalú y el yokotó); el consumo de productos desconocidos en el interior del país, tales como el aki y la okra; el chile panameño y la pimienta como condimentos más usuales. En cuanto a la forma de preparar los alimentos, la influencia africana persiste principalmente en la preponderancia de los guisos de cocimiento lento, con profusión de tubérculos, tales como los rondones, y las frituras de todo tipo.

Del modo de vida de las plantaciones azucareras antillanas, según el libro se ha heredado una amplia gama de productos de subsistencia, que figuraban en las raciones diarias de los esclavos como lo son la fruta de pan, el bacalao seco, los mangos, la yuca, los plátanos entre otros. Del Reino Unido también múltiples recetas de queques, panes y galletas, que debían prepararse para los amos ingleses en las islas, y que han venido a darle más sabor y colorido a la cocina limonense. Además, de toda esta variedad y debido a la multiculturalidad de la zona, los inmigrantes chinos e hindúes trajeron también a Limón la sabiduría de sus cocinas milenarias, y han enriquecido con exóticas salsas y soberbios platillos esa mezcla colorida y sabrosa que se encuentra en la costa Caribe.",Patrimonio Natural y Cultural ,Gastronomía,Regional,Continua,"Se puede extrar del libro Magia de la Cocina Limonense: Rice and Beans y Calalú (Ross, 1991), que la construcción del ferrocarril al Atlántico es un momento importante en el desarrollo físico y cultural de Limón, ya que marca la llegada de la población afrodescendiente proveniente de Jamaica, y la mezcla de esta cultura con los chinos, hindúes, italianos y judíos provenientes de Polonia, sin olvidar el impacto de estas migraciones para con los pueblos originarios como los Bribrís y Cabécares.  ",Comunicación oral y escrita,Comunicación oral y escrita,2.25,1.25,1,1
B.3-2,B-15,Setup,"Celebración de origen jamaiquino muy común en Limón que consiste en la velación de un ser querido cuando este fallece. Su principal diferencia entre las velas tradicionales (por lo menos con las comúnmente conocidas en el valle central donde es una celebración lúgubre, triste y silenciosa) estas son más consideradas una fiesta en honor a la persona que falleció, para honrar al difunto, recordar a la persona y hacer una despedida alegre de la persona que murió. Esta celebración se distingue porque siempre se sirve sopa de mondongo. Entre los platillos más habituales también se sirve el agua de sapo (bebida a base de tapa de dulce y jengibre), arroz con pollo, paty, plantain tart, entre otros. Se suele jugar dominó, a veces tablero e ingerir licor. Siempre hay música y cantos (Es muy común y tradicional la música Góspel (normalmente en inglés), pero también se pone música ranchera, salsas, calipso, música tropical o ritmos movidos y alegres) Actualmente, esas tradiciones se están perdiendo ya que las morgues han cambiado esas costumbres y celebraciones y no permiten esas cosas dentro del local. La gente que así lo desee lo hace en la acera de la funeraria. Por norma, el ataúd tiene que ser blanco, café o negro y las personas no pueden llegar vestidas con prendas rojas, ya que se considera una falta de respeto. Normalmente se invita a un pastor o sacerdote para la santa sepultura del fallecido.",Presentaciones artísticas y celebraciones ,otros,Local,Ocasional,"La tradición surge a partir de las costumbres traídas por los jamaiquinos y personas de otros países a Limón. Donde el rito para despedir a ser querido fallecido era razón de fiesta, alegría y para ayudarlo a dar el paso al más allá.","Costumbres de la población afrodescendiente, vivencias personales y anécdotas",Transmisión oral,1.25,0.25,0.75,0.75
B.4-1,B-16,Palo de Mayo,"El primer día del mes de mayo hombres y mujeres salían a recoger flores, traían un tronco alto que colocaban clavado en el centro de un lugar abierto. El tronco era adornado con flores, frutas y cintas de colores y bajo él realizaba la fiesta y el baile en honor a la primavera. Cada persona tomaba un extremo de la cinta e iban danzando alrededor del tronco.",Presentaciones artísticas y celebraciones ,Artes escénicas,Local,Períodica,"Los historiadores han sugerido que tuvo origen en Alemania y viajó a las Islas Británicas. En Gran Bretaña, se convirtió en parte de un ritual de fertilidad celebrado cada primavera.Practicada por generaciones la tradición se remonta a danzas antiguas que se realizaban alrededor de los árboles con la esperanza de tener una gran cosecha.",Inmigrantes jamaiquinos con la construcción del ferrocarril,"Por transmisión visual, de observación",1.5,0.25,0.75,0.75
B.2-2,B-05,Día Persona Negra,"En esta fecha se celebran los aportes de la población afrodescendiente a la cultura costarricense, cuya impronta quedó en mayor medida marcada por el ingreso de trabajadores afroantillanos para la construcción del ferrocarril y cuya permanencia en el país aumento la diversidad étnica y cultural costarricense. En el marco de esta festividad se realizan actividades como el Parade de Gala y el festival Back to our roots",Presentaciones artísticas y celebraciones ,"Festivales, festividades y ferias ",Local,Periódica,"En conmemoración de la Primera Convención Internacional sobre la situación de los Negros celebrada en 1920 y que dio como resultado la promulgación de la Declaración sobre los Derechos de los Negros, se eligió el 31 de agosto para la celebración del Día de la Persona Negra . La iniciativa para la celebración de esta efeméride fue impulsada por el Sindicato de Educadores Costarricenses (SEC) y avalada vía decreto por el gobierno del expresidente Rodrigo Carazo (1978-1982). El primer nombre de la festividad fue Día del Negro, sin embargo ha sufrido dos modificaciones, la primera para incluir a la cultura afrolimonense y la segunda para otorgarle equidad de género.","Es una festividad conmemorativa que es organizada por un colectivo de la comunidad, en el cual participan gran cantidad de instituciones y organizaciones de la zona",s ref,2,0.75,1.25,1.75
A.8-1,A-38,Inglés criollo limonense,"El criollo limonense, conocido también como mekatelyu o flat/broken english, es un criollo de base inglesa,con características similares al criollo jamaiquino. Se habla a lo largo de la Costa Atlántica del país (Herzfeld, 1978).",Patrimonio Natural y Cultural ,Idiomas,Provincial ,Ocasional,"Tiene su origen en la fuerte oleada migratoria de trabajadores que ingresaron al país a raíz de la construcción del ferrocarril al Atlántico. Posteriormente se vio fortalecido por el dominio de la región por la transnacional United Fruit Company (Herzfeld, 2003)",Oral,Oral,2,1,1,1.5
B.1-1,B-01,Marchas Fúnebres,"Las marchas fúnebres son obras que las bandas  ejecutan para acompañar procesiones y entierros. Son interpretadas con estricta devoción y, al mismo tiempo, se mantiene viva la herencia de los antepasados.",Presentaciones artísticas y celebraciones ,Música,Provincial ,Ocasional,Las marchas fúnebres son ritmos suaves que fueron adoptadas por la Iglesia para las actividades religiosas. ,s ref,s ref,0.75,0.25,1,0.25
B.1-2,B-02,Gospel,Esta manifestación cultural es el resultado de la interacción de elementos religiosos africanos con música y religión derivadas de Europa. El Gospel inició como una manera de agrupar y de manifestar diferentes expresiones de la fe. Posteriormente se expandió a los diferentes países gracias a la necesidad de recaudación de fondos para la formación universitaria de los miembros de la comunidad negra.,Presentaciones artísticas y celebraciones ,Música,Provincial ,Continua,"Inicialmente los inmigrantes y descendientes afroamericanos realizaron esta práctica como forma de expresión alrededor de fogatas y a través de la combinación de voces comunicaron su tristeza y melancolía por la situación del momento. Luego, tras la abolición de la esclavitud, podían desahogarse, con menos restricciones, desde las iglesias.",Inmigración de afroamericanos a la provincia.,Mediante tradición oral entre los participantes en las celebraciones.,2,0.75,1.25,1.25
B.1-3,B-03,Calypso,"El calypso limonense es considerado por la población, como una auténtica expresión musical de su etnia y parte de su identidad cultural. Este género musical fortalece la vinculación del inglés criollo, característica de la población afrodescendiente. Los intérpretes de este género musical son denominados calypsonians y han sido reconocidos como cronistas de los lugares, críticos de la realidad social y transmisores orales de las tradiciones.",Presentaciones artísticas y celebraciones ,Música,Provincial ,Continua,La mayoría de los poetas se han dedicado los últimos años y continuan en los diferentes procesos de escritura y publicación. ,"Llegó al país por personas de etnia negra, principalmente procedentes de las islas de Jamaica, Barbados y Saint Kitts. Desde entonces es reproducida en toda la provincia.","Por transmisión visual, de observación y por contacto directo entre músicos y bailarines",1.75,1,1,2.25
B.2-1,B-04,Parade de Gala,"El Gran Parade de Gala se realiza para conmemorar el Día de la Persona Negra y la Cultura Afrolimonense, es una especie de desfile temático a la usanza caribeña, donde participan gran número de personas con trajes tradicionales y de gala, así como carrozas, músicos y bailarines. Esta actividad es la culminación del Festival de la Cultura Negra Back to Our Roots.",Presentaciones artísticas y celebraciones ,"Festivales, festividades y ferias ",Local,Periódica,"Esta actividad se realiza anualmente desde 1998 y es organizada por el  Comité Cívico, Cultural Étnico Negro de Limón. Esta actividad se enmarca en la celebración del Día del Negro y la Cultura Afrocostarricense y marca el punto de cierre del Festival de la Cultura Negra Limón. Esta fecha se escogió  en conmemoración de  la Primera Convención Internacional sobre la situación de los Negros, que concluyó un 31 de agosto en Nueva York  y como resultado de las discusiones en esa convención,  se promulgó “La Declaración sobre los Derechos de los Negros”. ","Es una festividad conmemorativa que es organizada por un colectivo de la comunidad, en el cual participan gran cantidad de instituciones y organizaciones de la zona",s ref,2,0.75,1.25,1.75
B.2-10,B-13,N-Raiz-arte,"Fue un festival que se realizó por algunos años en la ciudad de Limón. Las actividades se desarrollaron con el fin de rescatar, valorizar y promocionar la cultura limonense, organizado en el marco de la Semana Cultural  y el Mayo Cultural o May Pole, contó con el el apoyo del Programa Corredor Cultural Caribe del Ministerio de Cultura y Juventud  y la Alianza Cultural Comunitaria.",Presentaciones artísticas y celebraciones ,"Festivales, festividades y ferias ",Local / Internacional ,Periódica,"Este festival estuvo vinculado a los esfuerzos del Programa Corredor Cultural Caribe, el cual fue un esfuerzo del Ministerio de Cultura y Juventud de Costa Rica, en conjunto con las autoridades de cultura de Centroamérica y República Dominicana, para visibilizar la riqueza cultural y el aporte de los pueblos caribeños al desarrollo de la  región.","La actividad se origina con la intención de retomar el may pole (palo de mayo) que es una celebración europea adaptada por los pueblos afrocaribeños, esta consistía en que el primer día de mayo las personas salían a recoger flores y traían un palo alto que decoraban con flores, cintas y frutas, después lo clavaban en el centro del lugar donde se realiza la fiesta",Manifestacion cultural y tradiciones oral y escrita,1.5,0.25,0.5,0.25
B.2-3,B-06,Carnavales de Limón,"Los carnavales de Limón se celebran el 12 de octubre y tienen su origen en el día de la cultura. Sigue el modelo de los carnavales panameños aunque es una celebración diferente a la de otros países en que, normalmente, se llevan a cabo antes del inicio de la cuaresma en Limón, básicamente consiste en un desfile de comparsas.
Esta celebracion tuvo su origen en 1949 y se continúa practicando, aunque con algunas modificaciones en cuanto al tipo de trajes y música que acompaña al evento. Actualmente no se realiza únicamente en una fecha especifica, sino que mantienen celebraciones durante toda una semana, haciendo de la ciudad el escenario del espectáculo con trajes de colores característicos y música tradicional limonenese interpretada por diversas bandas de la comunidad. El planeamiento y desarrollo del Carnaval cuenta con la participiacion de diversas organizaciones, tanto a nivel municipal como entidades privadas. 
La actividad realiza un recorrido por las principales calles de la ciudad. 
El carnaval y las comparsas contituyen un espacio de encuentro para el desahogo físico y para la expresión artística, cuya importancia deriva de la falta de espacios para la reunión casual, asociado a la creciente inseguridad de Puerto Limón (Vera, 2013)",Presentaciones artísticas y celebraciones ,"Festivales, festividades y ferias ",Local / Internacional ,Periódica,"Esta actividad se realiza anualmente desde 1949, cuando el limonense Alfred Henry King tuvo la idea de organizar a barrios, empresas y organismos sociales para realizar los carnavales, Esto en la fecha de conmemoracion del arribo de Colón en Limón, y manteniendo la actividad desde entonces.","Es una festividad conmemorativa que es organizada por un colectivo de la comunidad, en el cual participan gran cantidad de instituciones y organizaciones de la zona","En la actividad participan gran cantidad de comparsas que están constituidas por personas de las diversas etnias que convivien en Limón, así como diferentes sexos y edades.",1,0.25,1,0.75
B.2-4,B-07,Día de las Culturas,s ref,Presentaciones artísticas y celebraciones ,"Festivales, festividades y ferias ",s ref,s ref,s ref,s ref,s ref,1,0.25,1,0.75
B.2-5,B-08,Calypso Moonlight,"Consiste en un festival de calypso que se realiza como actividad paralela a la celebración del Día de la Persona Negra, se realiza en el día previo o posterior al 31 de agosto por la noche, normalmente en la playa Los Baños y en la que participan gran número de calyposonians. El festival es organizado por la Municipalidad de Limón y el Comité Cívico, Cultural Étnico Negro de Limón",Presentaciones artísticas y celebraciones ,"Festivales, festividades y ferias ",Local/ Provincial / Regional / Nacional ,Periódica,s ref,Es un festival que busca poner en valor el calipso,"A través de la presentación de los músicos, permite difundir el calipso limonense como ritmo propio de la ciudad y la provincia, además permite dar a conocer a los calipsonians locales",1.75,0.75,1,1.25
B.2-6,B-09,Día del Cantonato de Limón,"El Día del Cantonato de Limón tiene lugar cada 25 de Julio para conmemorar el aniversario de su declaratoria como cantón central en 1892. Consta de actividades variadas pero suele iniciar con un acto solemne a cargo de Concejo Municipal en la Casa de la Cultura. Se realiza una amplia gama de actividades culturales para locales y visitantes. Entre ellas se encuentran el desfile de bandas, tope de caballista, juegos tradicionales, presentaciones artísticas (obras de teatro, conciertos), puestos gastronómicos y actividades deportivas. El Parque Vargas se convierte en uno de los principales escenarios puesto que en él se desarrollan o cierran algunas de las actividades. El programa de la celebración no se limita al día oficial sino que puede extenderse todo un fin de semana, una semana y hasta incluso un mes.  ",Presentaciones artísticas y celebraciones ,"Festivales, festividades y ferias ",Local,Periódica,Esta actividad se realiza anualmente para celebrar la instauración del cantón de Limón como resultado de la creación de la Municipalidad en la comarca Limón según el Decreto 61 de 25 de julio de 1892.,"Es una celebración conmemorativa en la que participan entidades gubermentales, instituciones de caracter público y privado y colectivos de la localidad. ","A través de las actividades culturales en las que participan e interactúan personas de diferentes edades, sexos y etnias tanto del cantón como visitantes. ",1.25,0.75,1,1.75
B.2-7,B-10,Año Nuevo Limón,"Las actividades de fin y principio de año que se celebran en Limón con elementos que destacan, entre ellos, su gastronomía: sopa levantamuertos, rice and beans con rabo de chancho y queque negros.",Presentaciones artísticas y celebraciones ,"Festivales, festividades y ferias ",s ref,Periódica,Celebración anual del inicio de un nuevo año. ,s ref,s ref,1,0,0.5,0.5
B.2-8,B-11,Feria del Mar Caribe,"La Feria del Mar Caribe nace con el propósito de facilitar la promoción, el desarrollo y el apoyo de la actividad pesquera y acuícola del Caribe limonense por lo que reúne a pescadores, artesanos, empresarios, compradores e instituciones gubernamentales. La Feria se dispone en el Parque Vargas y es ahí donde los participantes colocan sus puestos y venden sus productos. Lo anterior se acompaña de presentaciones artísticas y de puestos que ofrecen información sobre la importancia del consumo de pescado y mariscos. ",Presentaciones artísticas y celebraciones ,"Festivales, festividades y ferias ",Local,Periódica,"Esta actividad se realiza anualmente en el primer fin de semana del mes de Noviembre con el fin de recordar el privilegio de la cercanía y riqueza de las costas así como valorar y apoyar la actividad pesquera, especialmente la artesanal.","Es una actividad comercial y cultural en la que participan personas y empresas relacionadas con la actividad, entidades gubermentales, instituciones de caracter público y privado y colectivos de la localidad.  ","A través de las actividades comerciales, los puestos informativos de instituciones estatales y las presentacione culturales en las que participan e interactúan personas de diferentes edades, sexos y etnias tanto del cantón como visitantes.  ",1.75,1,1,1.75
B.2-9,B-12,Feria del Agricultor,"Actividad que se realiza Sábados y Domingos para comercialización de los productos agrícolas y artesanales de los pequeños y medianos productores de la zona limonense. Destaca de las demás ferias del país por su variedad exótica de vegetales, sin embargo, siempre cuenta con la partcipación de comerciantes de otras regiones del país que aportan los productos que no pueden ser producidos en Limón por la condiciones climáticas.",Presentaciones artísticas y celebraciones ,"Festivales, festividades y ferias ",Local / Nacional,Periódica,"Las ferias que se realizan en el país tiene como antecedente su aparición en la década de los ochenta y su formalización en el 2006 a través de la Ley 5833. A lo largo del tiempo, la feria del agricultor de Limón tuvo distintas ubicaciones en el centro del cantón pero desde el 2014 su campo ferial está ubicado dentro del terreno del Centro Agrícola Cantonal. ",Esta actividad se realiza semanalmente y en la que participan pequeños y medianos productores que interactúan con colectivos de la localidad y visitantes. ,"A través de la promoción y la interacción, se la brinda información acerca de los productos, de sus propiedades y sus cualidades. ",1.75,1.25,0.75,1.5
B.3-1,B-14,Pocomía,"Se menciona como la versión limonense del vudú. Se trata de un culto ya desaparecido de la zona atlántica, que se acompañaba de oraciones, bailes y cánticos, Rendían culto a su propio dios y sus ceremonias se realizaron en secreto dado que diferían de otras creeencias religiosas como las católicas o evangélicas.",Presentaciones artísticas y celebraciones ,otros,Provincial ,Ocasional,"El culto inició en alrededor de los años treinta, cuando la compañía bananera decidió trasladar sus operaciones a la zona sur del país. Su aparición y práctica resolvió la problemática social de algunos inmigrantes caribeños que encontraron cobijo en un rito que formaba parte de sus raíces africanas y sobre todo de su folclore religioso",Fue traído por inmigrantes de origen jamaiquino que trabajaron para la United Fruit Company.,Por tradición oral entre los practicantes del rito.,1.25,0.25,0.5,0.25
B.4-2,B-17,Danza del dragón,"El baile es realizado por un grupo de bailarines utilizando un dragón de cabeza grande y colorida, con un cuerpo largo de tela flexible. Se realizan movimientos ondulantes y sinuosos simulando el recorrido de un dragón. El Dragón Chino representa la sabiduría, el poder y la riqueza y se cree que la realización de esta danza ahuyenta los malos espíritus y limpia a los lugares y a las personas de la mala suerte.",Presentaciones artísticas y celebraciones ,Artes escénicas,Internacional,Periódico,"Tradicionalmente se realiza al final de la llegada del Año Nuevo Chino. Esta celebración llegó a la provincia de Limón, gracias a la inmigración china.",Traído por inmigrantes chinos a la provincia,"Por transmisión visual, de observación entre los descendientes de la comunidad china.",1.5,0.75,1,1.75
B.4-3,B-18,Buggy-buggy ,"Este baile se acompañó de la música Boogie surgida de imprimirle variables a la música Blues. Se caracteriza por ser muy dinámico ya que se baila con pasos muy rápidos, enérgicos y vistosos.
El momento en el que el Boogie Woogie estuvo en su máximo auge fue en las décadas 20 y 30 del siglo XX.",Presentaciones artísticas y celebraciones ,Artes escénicas,Provincial / Internacional ,Periódico / Ocasional,"Su origen está en la década de 1870, en la ciudad de Texas relacionado con la expansión y desarrollo del ferrocarril, construido por los esclavos negros al sur estadounidense. Se dice que fue el sonido de las locomotoras a vapor lo que inspiró a los pianistas negros a añadir ritmo al Blues para hacerlo bailable.",Traído por inmigrantes durante la construcción del ferrocarril,"Por transmisión visual, de observación y por contacto directo entre practicante y danzante.",1.25,0.25,0.5,0.5
B.4-4,B-19,Teatro negro ,"Los teatros en la ciudad de Limón eran establecimientos en los que se desarrollaban distintas actividades de carácter social. Según Villegas (2005) la teatralidad afrolatinoamericana se pone de manifiesto en una multiplicidad de actividades destacándose particularmente en ceremonias públicas y religiosas cargadas de danzas, coloridos trajes y expresiones corporales.Son reconocidos por la gestualidad, las cargadas decoraciones y el uso de disfraces. La prácticas escénicas están colmadas de máscaras, ritmos y actividades de carácter ritual acompañados por instrumentos asociables a culturas africanas. Estas caracterísitcas se han transmitido y son evidentes en danzas, carnavales celebraciones religiosas y reuniones sociales. 
El teatro en Limón funciona demás como escenario para la transmisión de películas y la presentación de bandas musicales, recitales, entre otras actividades.",Presentaciones artísticas y celebraciones ,Artes escénicas,Local,Ocasional,"Según Villegas (2005) en África para la época de la inmigración a América, las prácticas escénicas tenían una amplia tradición, por lo que en su desarrollo en nuevas latitudes trajo consigo la importación de sus costumbres originarias. Junto a elementos de carácter ritual, coreografías y danzas, las prácticas teatrales poco a poco fueron adquiriendo costumbres occidentales, fusionándose y enriqueciendo su desarrollo.",Inmigrantes afrodescendientes,Transmisión por observación y contacto ,1.5,0.75,0.75,1
B.4-5,B-20,Cuenta cuentos Anancy,"Según la Red Internacional de Narración Oral, el cuentacuentos es una persona que recaba su material de fuentes de tradición oral o de referencias literarias, modificándolo al momento de expresar una historia oralmente. Es un narrador oral de historias, que no suele estar implicado directamente en la historia relatada, no obstante tampoco es lejano a ella. 
En el caso de Limón, se contratan o se invitan a los cuenteros a escuelas e iglesias para poder transmitir las obras literarias. Cada narrador (a) tiene su estilo y temática por narrar (Mata, 25 de enero de 2021). ",Presentaciones artísticas y celebraciones ,Artes escénicas,Provincial / Regional / Internacional ,Ocasional,"La cuentera costarricense, Margarita Mata Quesada, relata que las historias del Hermano Anancy ya que son parte del patrimonio inmaterial costarricense, traídas por los hermanos afro-antillanos a toda la costa caribeña de Costa Rica y el resto de Centroamérica (Youtube, 2020). ",Vivencias propias y experiencias,Transmisión oral,1.75,0.75,0.75,1
B.4-6,B-21,Baila la cuadrilla,"Baile de origen inglés, es una danza de salón que surgió en las festividades de clases altas que ostentaban el poderío económico. Alcanzó su popularidad en la Corte del Emperador Napoleón donde se le dio a conocer como Cuadrilla y posteriormente fue adaptada o implantada en diferentes países, adquiriendo características locales propias.",Presentaciones artísticas y celebraciones ,Artes escénicas,Provincial ,Ocasional,"La Danza de la Cuadrilla llegó a la provincia de Limón gracias a los inmigrantes de origen antillano, principalmente provenientes de Jamaica, quienes arribaron a la provincia a finales del siglo XIX, como mano de obra para la construción del ferrocarril.",La danza llegó con la inmigración proveniente de las Antillas y fue diseminada por la provincia,"Por transmisión visual, de observación y por contacto directo entre practicante y danzante. La música mediante tradición oral por tratarse de una interpretación de oído. ",1.75,0.75,0.75,1
B.5-1,B-22,Poetas limonenses,"La temática de las obras poéticas es variada, cada uno de los poetas escribe sobre sus vivencias (en especial sobre el amor). La Biblioteca Pública de Limón Major Thomas Lynch hace una celebración de la poesía cada 31 de enero y convoca a los y las poetas limonenses (Mata, 25 de enero de 2021). ",Presentaciones artísticas y celebraciones ,Poesía,n/a,n/a,"El Caribe costarricense ha sido fuente de insparación en la música, poesía, literatura y arte en general de ticos y extranjeros. De Limón se conoce el presente, la riqueza contenida en el orgullo, trabajo y fortaleza de su gente, la calidez que se funde ocn el aire tibio, el sonido del mar jugeteando en las conchas, el aroma de la fruta fresca y el paisaje que abraza.",Vivencias y experiencias propias de cada poeta,S ref,1.5,0.5,1,0.75
C.1-1,C-01,Pintura Limonense,"En su gran mayoría las pinturas buscan ser realistas, representando los paisajes y a las personas con detalle incluyendo su indumentaria típica que refleja costumbres y estilo de vida del ser limonense.",Artes Visuales y Artísticas ,Bellas artes /Pintura,Nacional / Internacional ,n/a,n/a,n/a,n/a,2,1,1,1.25
C.2-1,C-02,Fotografía,"La fotografía de los autores abarca desde registros fotograficos de lugares en la provincia de Limón, trabajo en conjunto a varios presidentes, fotografía artistica hasta comercial para diversos eventos.",Artes Visuales y Artísticas ,Fotografía,Nacional / Internacional ,n/a,n/a,n/a,n/a,2,0.75,1.25,0.5
C.3-1,C-03,Artesanía,"Entre los materiales predominantes en las artesanías limonenses se encuentran: papel maché, naturaleza seca, balsa y otras técnicas (Brenes, 2014) y materiales reciclados (Morales, 2015) y cerámica (Arrieta, 2015) . Entre los productos más habituales se encuentran: las escenas religiosas, el pasito, de familia, bolsos de manta pintados, tapices bordados, folleto de colorear, carteritas, calendarios, folletos de misa, lienzos pintados, folletos para colorear, delantales, tapices de mesa, tapices para la pared. Artesanas más destacables: María I. Álvarez Valverde, Gilda Aviles Aviles, Gladys Cárdenas Yaczayo, Georgina Givans Rose, Lisbeth González Ramírez, Ildith Hodgonson Clair, Anita Callemore (Arrieta, 2015) ",Artes Visuales y Artísticas ,Artesanía,Local / Provincial ,Continua,"Algunas artesanías son producto de las vivencias de la niñez, escenas caribeñas actuales o del pasado, vestimentas y costumbres y tradiciones de las artesanas.",Tradiciones familiares,"Transmisión oral, cursos ",2.25,1.25,0.75,1.75
D.1-1,D-01,Libros Historia,"Esta ficha recopila los libros que cuentan la historia de Limón, desde investigaciones científicas hasta relatos y anécdotas de las poblaciones pasadas, los antecedentes para la herencia cultural que tienen hoy en día.",Libros y prensa,Libros,n/a,n/a,"Entre las obras históricas se abarcan desde materiales documentales para bibliotecas, historia sobre los principales acontecimientos de Limón, sus afectaciones sociales periodicamente hasta la actualidad.","Investigación, anécdotas, entrevistas y revisión bibiográfica.",Escrita,1.5,0.5,0.25,0.5
D.1-2,D-02,Libros de arquitectura,"El documento ha sido actualizado de manera digital y esta disponible en sitios de fácil acceso paa su consulta. Se trata de un libro que da seguimietno a la arqutectura de Puerto Limón y sus paralelismos en otras partes del mundo como Bocas del Toro, esto como consecuencia de dos variables fundamentales: su contexto histórico y clima tropical. Analizando sus características formales e históricas, establece una descripción detallada de edificaciones como viviendas tradicionales limonenses, sus estrategias de bioclimatización, distribución  espacial y materialidad.",Libros y prensa,Libros,n/a,n/a,"Su publicación oficial se da en el año 1991. Dentro de los eventos históricos más sobresalientes en los que se enmarca el contenido de este libro son la construcción del ferrocarril al Atlántico, el surgimiento de la ciudad de Limón, la construcción de muelles alrededor de la costa, así como la influencia de culturas españolas, inglesas, francesas y africanas que consolidan el estilo caribeño que identifica a Puerto Limón. ","Análisis de estudios de caso, tipologías y su comparación.",De manera escrita,1.75,0.25,0.25,0.25
D.1-3,D-03,Libros de cultura,"Se trata de una compilación de textos críticos y literarios que tienen como objetivo revalorizar y brindar reconocimiento a las colectividades étnicas y culturales que conforman la identidad limonense. Los textos compilados contienen: mesas redondas en las que se discuten temas como la identidad sectorial, libros dedicados al análisis linguístico y particular de el criollo limonense, sus variantes fonéticas, morfológicas y sintácticas, instrumentos didácticos en los que se incluyen guías para la comprensión de la mixticidad única del español y el inglés originado en Limón, así como cuentos y recetas tradicionales que permiten conocer sobre personajes reconocidos, platillos y cotidianidad de la cultura afrolimonense.",Libros y prensa,Libros,n/a,n/a,"La mayoría de los libros compilados se contextualizan en la década de 1980, así como el recuento y contextualización de la influencia europea en la conformación y consolidación de la cultura afrolimonense. No obstante, algunos de ellos se extrapolan hasta la actualidad en la búsqueda por conservar expresiones afrolimonenses y finalmente brindar reconocimiento y empoderamiento de quienes la conforman.
1. Limón identidad pluricultural. David Smith publicado en 1988
2.Criollo limonense diglosia o bilingüismo. Marva Spence Sharpe, publicado en el 2004
3.Limón creole: asyntactic analisys. Right Murray Fernando publicado en 1974, disponible en Biblioteca Virginia Zúñiga Tristán-UCR
4.Lengua creole. René Zúñiga. Presentación realizada en el 2017. 
5.Mek wi rayt wi langwich: Limon kryol alfabet. Alfabeto ilustrado del criollo limonense. René Zúñiga y Gloria Thompson. Publicado en el 2018
6.Anancy en Limón. Cuentos afrocostarricenses. Anglin Edwards de Scott, Joice. Publicado en el 2002
7.Cuentos tradicionales afrodescendientes. Guiselle Chang Vargas. Publicado en 1984
8.Tres relatos del Caribe Costarricense. Dolores Joseph. Publicado en el 2013
9.Mekaytelyuw : la lengua criolla, Herzfeld, Ana. No se cuenta con información disponible en línea, pero dentro de sus textos asociados resalta vIDA O MUERTE DEL CRIOLLO LIMONENSE, publicado en 1978
10. La magia de la cocina limonense. Rice and beans y calalú. Marjorie Ross González. Publicado en 1991, con su última edición en el 2003. Disponible en la Librería de la UCR","Análisis escrito, relatos, tradiciones locales","Mesas redondas, publicaciones críticas, mayoritariamente vía escrita",2,1,1.25,1.5
D.1-4,D-04,Libros de literatura ,"Esta ficha recopila los libros algunos de ficción como novelas, o cuentos y leyendas que se han transmitido de generación en generación. También algunos libros de poesía. En su mayoría se dan en un contexto limonense, y algunos representan una crítica social de cierto modo de vida en una época.",Libros y prensa,Libros,n/a,n/a,"Los principales libros sobre literatura caribeña abarcan desde 1940, con temas de crítica social a las problematicas del momento a tiempos más recientes con temáticas románticas, ensayos y poesías.","Investigación, anécdotas, entrevistas y revisión bibiográfica,",Escrita,1,0.25,0.75,0.5
D.2-1,D-05,Prensa Limonense,s ref,Libros y prensa,Revista y prensa,n/a,S ref,S ref,S ref,S ref,2.25,1.25,1.25,1.5
D.2-2,D-06,Revistas ,"Limón Roots: Se trata de un medio de comunicación impreso y digital que tiene como función principal promover y rescatar valores y etnias asociadas a la cultura caribeña. Más que ser únicamente un espacio de difusión, este medio ofrece oportunidades de crecimiento  socioeconómico y turístico vinculando esfuerzos con entes internacionales con la oferta de intercambios y otros servicios. Como extensión a esta revista, se encuentra la radio que lleva el mismo nombre, la cual transmiste desde diferentes países como Brasil.
Limón Weekly News. Principios de siglo XX: Se trata de un periódico semanal en el que se incluen generalidades desde noticias nacionales, clima, actividades económicas de relevancia, así como anuncios comerciales y recetas de cocina, todo el inglés y en algunos casos con imágenes ilustrativas que vislumbran tecnología e instrumentos del momento, vestimenta, tendencias culturales y sociales, entre gran diversidad de información histórica que relata la realidad limonense,nacional  e internacional del siglo XX.",Libros y prensa,Revista y prensa,n/a,n/a,"Limón Roots: Tiene sus inicios como una revista local en el año 2002, actualmente posee un sitio web consolidado que se articula con esfuerzos internacionales vinculados al rescate de la cultura y etnias asociadas al Caribe
Limón Weekly News: La información brindada en el Sistema Nacional de Bibliotecas de Costa Rica data esta fuente desde el año 1903, extendiéndose hasta 1906. Debido a su natualeza de fuente histórica, esta se encuentra actualmente en formato digital con un acceso completamente gratuito y con una alta calidad.",n/a,n/a,1.5,0.75,0,0.5
D.3-1,D-07,Monografías,"En el compendio de monografías se relata la historia, la identidad y características del ser limonense a través de sus costumbres, tradiciones, música tradicional y sus bailes (la danza de la cuadrilla), gastronomía, historias de vida, la topominia, lugares de importancia histórica, estilos arquitectónicos y edificaciones con valores patrimoniales. También, por medio de textos escritos, varios limonenses se apropian de la gran belleza natural que les rodea, sus experiencias de vida, su cotidianeidad por medio de: poemas, cuentos, leyendas, anécdotas e historias de vida, imágenes de lo que fuera el Limón de antaño y algunos de sus personajes.",Libros y prensa,Otros materiales impresos: Monografías,n/a,n/a,"Las monografías relatan acontecimientos de: Época colonial al Periodo de construcción del Estado Nacional (construcción del ferrocarril al Atlántico), desarrollo capitalista e inmigración antillana, la evolución de las estructuras sociales (1940-1980) y hasta nuestros días. ","Experiencia, relatos, entrevistas, testimonios ",De manera oral y escrita.,0.75,0.25,0.25,0.25
D.4-1,D-08,Biblioteca,"Se trata de una edificación de importante difusión y promoción de cultura y cohesión social. Dentro de sus características principales se encuentra la presencia de una pequeña plaza que sirve de espacio colectivo para la promoción cultural y actvidades recreativas. Cuenta con una sala infantil, así como recursos y servicios gracias a Alianza con American Corner. El edificio actual se constituye en 1986 con el uso de Biblioteca Pública al separse de la Biblioteca Municipal.",Libros y prensa,Biblioteca,n/a,n/a,n/a,n/a,n/a,1.25,1.25,1.25,1.75
E.1-1,E-01,Filmes y videos,"Esta ficha recopila filmes, grabaciones y documentales que se han realizado con base en temáticas históricas relacionadas a la provincia de Limón y sus antecedentes históricos mas destacados. ",Medios audiovisuales e interactivos ,Medios audiovisuales e interactivos ,n/a,n/a,"Los filmes fueron realizados en su mayoría en los ultimas decadas, en su mayoía abarcan temas de carácter histórico, de crítica social y sobre la cultura afrodescendiente de Costa Rica.",Utilizados como insumo académico en la formación de los estudiantes costarricenses,S ref,2,1,1.25,0.75
E.2-1,E-02,Radio y televisión,"Los medios audiovisuales limonenses como: Radio Casino, Limón TV, Soy Limón y Bahía Limón se encargan de difundir noticias de la provincia a través de las páginas web que poseen, los perfiles en Facebook, los medios televisivos y radiofónicos. Son los responsables de informar acerca de música, idioma, costumbres, tradiciones, religión, turismo local, actividades culturales, deportivas, socioeconómicas, personajes de la región, noticias del día a día de Limón y el acontecer nacional. La mayor parte de sus oyentes y televidentes son limonenses.",Medios audiovisuales e interactivos ,Radio y televisión,n/a,n/a,"Radio Casino: Transmite desde el 18 de agosto de 1945 en 98.3, es una de las emisoras más longevas de Costa Rica. Es reconocida como “La Reina del Caribe”, con su lema “con usted en todo momento”. En su sitio web indica: Su programación se ha caracterizado por poseer elementos claves de la idiosincrasia de la provincia de Limón, valores, costumbres, idioma y filosofía de nuestra región que crece y se desarrolla constantemente. Se encarga de difundir proyectos que beneficien a la provincia de Limón. En la actualidad es dirigida por Carlos Zarate gerente financiero, Carlos Gómez gerente administrativo y Mario Bourne gerente general, los cuales han invertido para la modernización de la misma (Radio Casino, 2020). 
Limón TV (Canal 36: el corazón del Caribe): Inicia en el 2003 con el objetivo de ser el principal medio televisivo de la provincia de Limón. Se dedica a exaltar las principales virtudes del limonense y la cultura de la provincia.
Soy Limón: En el 2014 comienzan una página de Facebook para compartir noticias positivas de la provincia de Limón. A causa de la pandemia por el COVID-19, el 18 de marzo de 2020, se realiza la apertura del canal de televisión. Realizan programas donde invitan artistas limonenses y emprendedores, además de realizar turismo local. 
Radio Bahía: Es una emisora pionera en las zonas del Pacífico y del Atlántico de Costa Rica por más de cuatro décadas. Se puede encontar en 107.9 FM. Su programación permanece las 24 horas al aire, llevando música, deportes, noticias, comentarios y opinión pública.",n/a,n/a,2.25,1.25,0,1.5
F.1-1,F-01,Moda,"Sherrier Fashion African Boutique es una tienda de moda caribeña con estilo afrocaribeño para toda la familia (ropa y accesorios para mujeres, hombres, jóvenes y niños) que también vende artículos para decorar el hogar. La tienda boutique está ubicada en el Casco Histórico de Limón, frente al antiguo Black Star Line (Facebook, 2020).  ",Diseño y servicios creativos ,Moda,Local / Provincial/ Nacional ,Ocasional ,Los elementos de la moda son utilizados tradicionalmente desde hace muchos años y es parte e la cultura e imagen de las personas afrodescendientes en la actualidad también.,"Herencia cultural, transmición oral.","A través de las piezas de moda y las telas utilizadas: vestidos, sombreros, enaguas, jackets, pantalones, etc. ",2.25,1,1.25,1.5
G.1-1,G-01,Viajes contratados y servicios turísticos,"En esta ficha se realiza un compendio de los tours y focos turísticos representativos dentro de la zona de estudio. Se encuentran desde tours generalizados a lo largo del todo el país que contemplan la zona de estudio como una zona de paso hacia lugares turísticos con mayor difusión como lo es Tortuguero y Cahuita, hasta aquellos con actividades y promociones que comprenden el traslado y transporte hacia zonas puntuales donde se desarrollan actividades de índole recreacional como buceo y contemplación del paisaje natural, y en contraste, aquella con un interés histórico hacia la rehabilitación dentro del Casco Histórico ",Turismo,Tours,n/a,n/a,"Estas actividades turísticas se enmarcan el contexto turístico actual de Limón y los esfuerzos nacionales por consolidar una red de turismo sostenible en la que se ofrezca un adecuado balance entre el uso de los recursos naturales y culturales presentes en contextos como el del Casco Histórico de Limón y su primer ensanche. Promoviendo una economía en donde se beneficia a la economía local y nacional, sobresalen la costa de Puerto Limón, Isla Uvita y restaurantes locales.",n/a,n/a,2.5,1.25,1.25,1.75
G.2-1,G-02,Servicios Turísticos ,"En esta ficha se abarca la oferta turística localizada principalmente en el Casco Histórico de Limón, y la Zona Americana. Se trata de hoteles de mediana escala en su mayoría de dos a tres pisos, con la excepción del Hotel Acón con una escala de cuatro niveles. En su mayoría no se cuenta con un registro histórico que permita saber su año de fundación y edad, no obstante, en su mayoría se encuentran asociados a recursos patrimoniales debido a su ubicación, especialmente destacados en festivales o actividades públicas que se realizan en espacios urbanos. Su tendencia general de programa y oferta de servicios responde a habitaciones, lavandería, restaurante y parqueo.",Turismo,Hospitalidad y hospedaje,n/a,n/a,"1. Park Hotel:  En noticias mencionan que en el año 2001 tuvo un proceso de reconstrucción. Actualmente se encuentra en buen estado. Aunque no se cuenta con una fecha de construcción, es denominado como uno de los edificios antiguos junto con el edificio Peña, el Corella, el Ingianna y el Banco Nacional, todos categorizados de estilo colonial (Marti, M. et ál., s.f).
2. Hotel Costa del Sol: no se cuenta con un registro de su fecha de inaguración sin embargo en su página web promocionan su remodelación realizada en el año 2013.
3. Hotel Miami: no se cuenta con información disponible en línea.
4. Hotel Acón: no se cuenta con información disponible en línea.
5. Hotel Cerere: cuenta con Declaratoria Turística en el año 2019 (Cámara Costarricense de Hoteles et ál., 2019). Es también conocido como Aguas Claras que es la traducción de Cerere en bribrí.",n/a,n/a,2,1.25,1.25,0.75
